<?xml version="1.0" encoding="UTF-8"?>
<project-private xmlns="http://www.netbeans.org/ns/project-private/1">
    <editor-bookmarks xmlns="http://www.netbeans.org/ns/editor-bookmarks/2" lastBookmarkId="0"/>
    <open-files xmlns="http://www.netbeans.org/ns/projectui-open-files/2">
        <group>
            <file>file:/C:/Users/samue/Desktop/UIDE/Informática/Juegos%20Netbeans/Neptuno/Neptuno/src/neptuno/Cliente.java</file>
            <file>file:/C:/Users/samue/Desktop/UIDE/Informática/Juegos%20Netbeans/Neptuno/Neptuno/src/neptuno/FrmEmpleados.java</file>
            <file>file:/C:/Users/samue/Desktop/UIDE/Informática/Juegos%20Netbeans/Neptuno/Neptuno/src/neptuno/FrmPrincipio.java</file>
            <file>file:/C:/Users/samue/Desktop/UIDE/Informática/Juegos%20Netbeans/Neptuno/Neptuno/src/neptuno/FrmClientes.java</file>
            <file>file:/C:/Users/samue/Desktop/UIDE/Informática/Juegos%20Netbeans/Neptuno/Neptuno/src/neptuno/FrmUsuario.java</file>
        </group>
    </open-files>
</project-private>
